house_id,area_sqft,bedrooms,bathrooms,location,year_built,parking,price
1,1460,3,1.0,D,2019,Yes,3239631.1148000574
2,4372,1,4.0,A,1982,No,9539466.153112123
3,3692,3,4.0,B,2008,No,8023577.450708746
4,1066,2,3.0,C,2020,No,2507595.825685969
5,4044,4,4.0,A,2008,Yes,9332300.935963199
6,3771,5,1.0,C,2013,No,8361924.070867866
7,3519,1,1.0,A,2013,No,7644900.211189792
8,730,5,3.0,C,2007,No,2537216.644839331
9,2285,2,4.0,B,1992,Yes,5751490.979387685
10,1369,5,4.0,B,1994,No,3704792.046661363
11,2991,1,1.0,A,2002,No,6114478.464200898
12,3033,2,4.0,D,2005,No,6740207.560152425
13,1784,5,4.0,C,1983,Yes,4460199.075424037
14,3985,4,4.0,D,2005,No,8598498.943336891
15,4717,2,2.0,D,2019,No,9941985.034443447
16,3504,2,3.0,D,1988,No,7687150.546601918
17,1074,4,2.0,B,1984,Yes,2798801.031680743
18,1682,3,3.0,A,2011,Yes,4520877.617466344
19,3158,1,1.0,A,1999,No,6536077.208199437
20,2647,3,4.0,B,1990,Yes,6135219.355734907
21,3347,5,3.0,B,1994,Yes,7789261.5763561735
22,1575,4,2.0,A,2011,Yes,3994420.1582631883
23,2406,3,4.0,D,2007,No,5180799.532212293
24,789,2,1.0,C,2001,No,2185481.498357761
25,3334,5,3.0,C,2020,Yes,7563307.131928795
26,3605,5,3.0,C,1996,Yes,8330979.6898787385
27,2499,3,3.0,D,2005,Yes,5485171.172994467
28,1867,3,4.0,A,1986,No,4347312.683580718
29,2128,4,2.0,B,2021,No,5220486.681911072
30,3802,1,2.0,A,2005,Yes,8282101.618548404
31,4156,3,3.0,D,2004,Yes,8962282.857863065
32,4490,3,1.0,B,1989,,9699006.319634167
33,1246,2,1.0,D,1998,Yes,2767192.1728911283
34,17440,5,2.0,C,1990,No,7778051.8234977815
35,3035,1,1.0,C,1992,Yes,6499710.784678013
36,1200,2,2.0,D,1987,No,2749243.6789617944
37,2963,4,3.0,B,2019,Yes,6726942.858881848
38,2661,4,2.0,B,1983,Yes,6152049.715642959
39,841,3,2.0,A,2010,Yes,2491003.77133982
40,2641,3,3.0,C,2007,Yes,5982835.584216078
41,3424,4,1.0,A,1990,Yes,7441237.10596385
42,3212,3,2.0,A,2022,No,7170495.409867094
43,1963,1,2.0,D,1980,Yes,4243335.527032679
44,2078,3,3.0,D,2017,Yes,4713068.475912614
45,3156,5,1.0,A,2003,Yes,7246705.962151622
46,1375,3,2.0,C,2010,No,3691661.094411077
47,4614,2,3.0,D,2020,No,9724634.466818584
48,634,1,2.0,A,2005,No,2077555.3082484044
49,3752,2,4.0,A,1984,No,8654866.342946019
50,2555,2,3.0,A,1999,,5697316.219524465
51,2185,5,1.0,A,2020,Yes,5331808.841639793
52,4543,1,1.0,A,1990,Yes,10006746.383563261
53,3673,1,1.0,A,2012,No,7765784.0077181915
54,1621,1,1.0,D,2017,Yes,3653362.42915308
55,4061,1,2.0,C,2006,Yes,8299998.905125022
56,3213,1,2.0,A,2013,No,6845667.619936067
57,4443,5,1.0,B,1994,No,9755117.736933788
58,2100,3,1.0,D,2011,No,5177856.52859025
59,761,2,1.0,D,2000,Yes,1952798.6333056618
60,4897,1,2.0,A,1984,Yes,10029474.73554973
61,2581,3,,D,1985,No,5320950.1618453385
62,1595,3,1.0,A,2017,Yes,3936842.0628123404
63,3942,2,,C,2001,No,8781441.35961045
64,4398,5,4.0,C,1997,No,9877470.736575078
65,1875,4,1.0,D,1993,Yes,4498051.172702026
66,1616,4,3.0,D,1989,No,4201828.877383519
67,937,3,1.0,B,1992,No,2283954.1824962096
68,1478,2,4.0,D,2010,No,3589818.943991513
69,1676,4,3.0,B,2009,Yes,4195923.575959521
70,4593,3,3.0,C,1982,No,9775708.852909585
71,979,5,1.0,C,2009,No,2494746.129134903
72,1092,4,4.0,A,1985,No,3045204.785713241
73,2662,3,4.0,C,2008,No,6094456.88675092
74,4484,3,3.0,B,1987,No,9597705.70002769
75,664,1,1.0,D,2022,No,1609787.6993972396
76,3168,5,2.0,A,2012,No,7341008.108687437
77,2627,1,2.0,B,1996,Yes,6043739.15381288
78,3295,2,4.0,D,1990,Yes,7542231.17362252
79,2095,1,2.0,A,1992,No,4826284.353479398
80,991,1,4.0,C,1990,Yes,2370003.7043123366
81,4161,4,4.0,B,2010,Yes,9279918.002886029
82,2878,3,4.0,D,2007,No,6425142.99385748
83,3699,5,2.0,A,1985,Yes,8236570.033842287
84,800,1,4.0,A,2020,No,2368470.2358059213
85,3704,5,3.0,C,1995,No,7959134.301343708
86,3054,1,1.0,D,1983,No,6682713.293905659
87,4245,2,1.0,C,2014,No,9177044.134304343
88,1404,1,4.0,C,2005,No,3473640.4523803517
89,3331,4,1.0,D,1991,Yes,7301578.134015963
90,3373,3,2.0,D,1990,No,7521767.859014511
91,2170,2,2.0,D,2016,Yes,5059880.987356054
92,3290,1,1.0,B,2004,No,7179327.556843619
93,4440,5,2.0,D,1997,No,9612189.583548032
94,1628,2,1.0,A,1998,No,4129862.6171728335
95,1102,2,1.0,C,2002,Yes,2961377.5751379714
96,1470,1,1.0,B,2017,No,3445907.2590871863
97,806,2,4.0,D,1997,No,2467194.584086231
98,10420,5,1.0,B,2005,No,4864167.611633206
99,1463,2,4.0,D,1985,No,3272499.9281305945
100,3390,5,1.0,B,1983,Yes,7680310.102609495
101,1163,1,1.0,C,2008,No,2650581.910837306
102,4791,3,1.0,C,2013,Yes,10188456.531544475
103,2357,2,2.0,A,1996,No,5549262.407869881
104,2278,3,4.0,A,2022,Yes,5593427.842642126
105,3842,5,4.0,D,2022,Yes,8790713.814707097
106,1659,2,1.0,C,1995,No,3662589.488249181
107,2322,4,1.0,B,1981,No,5452224.627855905
108,3914,3,2.0,B,2013,Yes,8744375.156261584
109,3757,2,2.0,B,1987,No,8212731.935378859
110,3225,3,2.0,A,1992,No,7034547.206672764
111,3329,2,4.0,B,2021,,7670817.692009399
112,2197,1,4.0,A,1987,Yes,5495753.684753275
113,3660,3,,A,2009,No,8366407.679464941
114,3293,4,1.0,D,2011,No,7016142.342551142
115,4227,4,4.0,B,2015,No,9233559.543152759
116,1963,5,3.0,B,2009,Yes,4898924.608881382
117,2581,2,3.0,C,1980,No,5589124.557196296
118,2263,3,2.0,D,2022,Yes,5205781.474862547
119,2129,5,4.0,C,2018,No,5380488.493273569
120,2638,3,3.0,D,1996,,6055990.48814997
121,3902,2,2.0,B,1999,No,8392457.811277257
122,2837,4,4.0,A,2003,No,6591759.450039971
123,1906,1,1.0,A,2001,Yes,4319230.81456709
124,4629,4,3.0,A,2008,Yes,10413315.101505801
125,3275,5,1.0,A,2001,Yes,7069608.394500037
126,1882,1,4.0,A,1988,No,4397721.918304253
127,1309,5,3.0,C,2016,No,3587597.518985465
128,4348,2,4.0,D,1989,No,9440716.61370946
129,1263,1,1.0,B,2015,No,2723990.812143235
130,2598,5,3.0,C,2016,Yes,5995418.063509377
131,4045,2,1.0,D,2007,No,8590790.998975627
132,4343,4,4.0,A,2007,No,9279109.551948616
133,2095,2,4.0,D,2021,No,5108437.822152157
134,3904,3,1.0,D,2022,No,8367318.3982985625
135,4363,2,3.0,A,2000,No,9717744.242568687
136,2453,2,1.0,A,2003,No,5214585.524686097
137,1891,3,4.0,A,2021,No,4596728.106256352
138,4181,5,1.0,B,2019,Yes,8788426.334614623
139,4057,5,4.0,A,1981,No,8976862.047400944
140,2236,2,1.0,B,1987,No,4879230.623855624
141,4296,3,3.0,A,2006,No,8991458.483998314
142,3599,3,3.0,B,2001,No,7851074.63756032
143,3752,4,1.0,D,2016,Yes,7808531.964627951
144,1298,5,1.0,C,2006,Yes,3376507.963017715
145,2760,1,3.0,D,2008,Yes,6295422.385421648
146,4697,5,4.0,D,1982,Yes,10361004.049977176
147,1454,5,3.0,A,1992,Yes,4303641.474522361
148,4074,4,4.0,B,1989,Yes,9293258.512678921
149,2307,1,1.0,C,2015,No,5233629.569721394
150,3377,4,1.0,A,1988,,7397010.951824343
151,2333,1,,A,2006,Yes,5280171.674321479
152,4110,2,1.0,A,2013,No,8835122.683277074
153,802,1,4.0,D,1980,Yes,1858459.5816734282
154,3855,4,2.0,B,2011,No,8576228.749952419
155,4818,5,3.0,B,2004,No,10509216.036690613
156,1366,1,2.0,C,2008,Yes,3513999.3675093316
157,4989,1,4.0,B,1986,,10695902.450815883
158,2927,3,3.0,B,1982,Yes,6867341.286068025
159,3531,5,4.0,A,1999,Yes,8069158.783720991
160,797,2,3.0,A,1999,No,2481642.0537523455
161,2530,4,3.0,D,2009,No,6096942.498872857
162,4182,2,3.0,A,2014,Yes,9164257.235323932
163,1208,5,3.0,A,2014,No,3276129.8761267024
164,3872,1,4.0,A,2018,No,8295642.559753118
165,1747,1,3.0,A,2006,Yes,4433802.598403193
166,4882,5,3.0,D,2005,Yes,11240869.148484662
167,3997,1,2.0,A,1993,No,8283670.985964956
168,3111,1,1.0,C,1996,Yes,6422295.989991488
169,2394,1,1.0,C,1997,Yes,5386282.836134896
170,1259,4,2.0,C,2008,Yes,3183217.2941266713
171,3411,4,2.0,C,1999,Yes,7823671.076845654
172,1969,3,4.0,A,2006,Yes,5003069.234705329
173,2586,2,4.0,C,1997,Yes,5921204.539500407
174,746,5,4.0,A,1983,Yes,2706254.3069043374
175,3819,5,2.0,D,1980,No,8424039.673830679
176,3511,5,2.0,C,1980,Yes,7846078.700442765
177,2334,3,3.0,B,2005,No,5056727.793672301
178,2443,4,4.0,C,1999,No,5779730.145717807
179,1088,3,4.0,C,2002,No,3254612.0732128327
180,3576,5,4.0,A,1989,Yes,7968246.267359096
181,2559,2,1.0,C,1990,Yes,5424842.9959722115
182,2985,1,3.0,B,2020,No,6625365.394953202
183,3519,4,4.0,A,2020,Yes,8145718.372546456
184,2402,4,4.0,A,1984,No,5814236.431916858
185,4661,3,4.0,D,1980,Yes,9952136.358434469
186,3969,4,1.0,D,1996,Yes,8832491.657318462
187,862,5,1.0,C,2001,No,2455380.1131380424
188,1223,5,2.0,D,2013,No,3361397.1044686115
189,1616,3,3.0,D,2020,No,3966055.4821942193
190,4243,5,2.0,D,2008,Yes,9387098.993592199
191,2649,2,3.0,A,1983,No,6069366.731405626
192,4323,3,1.0,A,1984,Yes,9371297.59079339
193,3708,2,4.0,A,1990,,8017960.194380898
194,4690,1,2.0,D,2000,Yes,10047471.365143193
195,2656,2,4.0,A,2014,No,6263625.457249637
196,3770,1,2.0,D,1991,No,7450629.921728438
197,2282,1,1.0,A,2005,No,4863159.943024864
198,2855,2,1.0,A,1998,Yes,6534472.092498561
199,1754,3,1.0,B,1986,Yes,3784614.2907044333
200,3791,5,2.0,C,1986,No,8542713.37638015
201,2296,5,3.0,D,2005,Yes,5503755.49286915
202,4591,1,2.0,B,2019,Yes,10038056.514066799
203,2248,1,3.0,A,1984,No,5043770.642184908
204,2045,3,2.0,D,2000,No,4495586.401400874
205,4799,4,2.0,A,1993,No,10445617.132151827
206,4523,2,1.0,C,1983,Yes,9525922.902098002
207,853,1,4.0,B,2002,Yes,2257829.773171864
208,3783,5,4.0,C,2021,Yes,9111668.696602277
209,3157,3,3.0,B,1999,Yes,6947780.363683137
210,698,2,4.0,A,1994,Yes,1795408.9249880412
211,2800,3,2.0,C,2008,No,6532339.793624299
212,3561,2,2.0,C,1987,Yes,7579287.305536815
213,4377,2,,A,2020,Yes,9354645.347806862
214,3469,1,1.0,C,1998,Yes,7282418.787074193
215,3834,3,4.0,D,2018,No,8300069.713168335
216,4391,3,3.0,B,2007,No,9372761.50574731
217,1556,5,4.0,B,2006,No,3934636.539500607
218,4667,5,4.0,B,1983,Yes,10422951.952340914
219,760,1,4.0,D,1994,No,1937602.488464873
220,1900,1,4.0,B,2014,No,4584072.438066789
221,4587,4,2.0,A,2016,No,10102538.81032323
222,2127,5,3.0,C,1980,Yes,5008497.561294919
223,1818,2,2.0,D,1982,No,4071704.2552144714
224,3704,3,3.0,B,2003,Yes,8160432.335175729
225,3335,1,1.0,A,2006,Yes,7003667.911473267
226,1554,3,4.0,C,2019,No,4043886.3141030264
227,4046,3,2.0,C,2015,Yes,8797734.944138328
228,1645,4,3.0,D,2013,No,3964489.995965904
229,2293,5,1.0,D,2008,Yes,5200886.552715344
230,4036,1,1.0,D,2003,No,8142412.647785332
231,1162,3,4.0,A,2003,No,3587753.604782909
232,3085,1,3.0,A,2021,No,6858823.729925999
233,3954,2,2.0,D,1983,Yes,8205774.192559437
234,825,4,4.0,B,1982,No,2581573.1796645625
235,1559,2,2.0,C,2013,Yes,3956403.2353591076
236,3667,1,1.0,C,2002,No,7691503.522506009
237,1415,1,2.0,A,2002,Yes,3708804.268426625
238,3720,5,2.0,C,1984,Yes,7999437.371586006
239,616,3,4.0,B,2010,No,1663735.5905239577
240,1843,3,2.0,C,2020,No,4378103.48437075
241,2805,2,4.0,A,1985,No,6395299.228674777
242,3124,4,1.0,A,2016,No,6332099.964349152
243,1669,3,4.0,B,1989,No,4001284.781759597
244,4044,5,4.0,B,2019,Yes,9034267.53712331
245,3165,2,,C,1986,No,6603610.751859369
246,1660,2,2.0,C,2018,No,3653791.6470780377
247,2927,5,1.0,A,2017,Yes,6927157.560319872
248,4020,4,4.0,B,2000,No,8746518.995742058
249,901,5,1.0,B,1999,No,2373375.5730836317
250,24380,4,3.0,B,1982,Yes,10322238.938228464
251,1206,5,2.0,C,2001,No,3467781.928503165
252,3770,5,4.0,B,1983,No,8602926.473094126
253,1299,1,2.0,A,2007,No,2613528.75941942
254,1739,2,3.0,A,1991,Yes,4043551.9841553625
255,790,5,3.0,C,2017,No,2599703.5768789854
256,2900,5,1.0,D,2015,Yes,6856278.509796567
257,1580,3,4.0,C,2020,No,4128167.751873331
258,3575,2,1.0,D,1984,Yes,7516863.417948423
259,1784,3,3.0,B,1992,No,3895724.6278413925
260,3927,2,2.0,C,2002,Yes,8632049.798782263
261,3994,3,1.0,A,2009,Yes,8666620.629735898
262,727,5,1.0,B,2016,Yes,2369772.402923014
263,2665,5,2.0,A,2004,Yes,6302515.912358301
264,2416,1,1.0,B,2006,Yes,5042894.100084746
265,1169,3,2.0,C,1993,Yes,3096850.042444598
266,2495,4,4.0,D,2015,No,5875291.806222689
267,3333,1,2.0,B,2018,No,7066842.23141704
268,4463,3,4.0,D,1995,Yes,9820221.159972498
269,4614,3,2.0,B,2001,Yes,9705200.090515338
270,3501,1,3.0,A,2000,Yes,7628199.444823378
271,2286,5,3.0,A,2000,Yes,5657225.494587158
272,3609,3,4.0,B,1987,No,7655014.473572987
273,754,5,4.0,D,1995,Yes,2496580.6778327893
274,3137,1,3.0,C,2010,No,6920729.029336259
275,2009,5,4.0,C,2021,No,4959353.815191426
276,4657,2,2.0,A,1989,Yes,9985177.019497132
277,1384,4,2.0,C,2011,Yes,3702468.8078468335
278,3775,3,3.0,A,2013,No,8278439.9782267455
279,4941,4,1.0,C,1988,No,10418440.520091143
280,3406,5,2.0,B,1996,Yes,7518659.297093507
281,1137,3,4.0,A,1990,Yes,3211012.644535847
282,2441,5,,A,2011,Yes,5757030.303279044
283,3055,2,1.0,B,1989,No,6657817.959010664
284,1124,1,,A,2001,No,2862691.990836648
285,3550,3,2.0,C,1996,Yes,7950241.807802577
286,4731,2,1.0,C,1983,No,9746347.929820973
287,4715,2,1.0,A,2004,No,9522683.782875177
288,2968,3,3.0,C,2000,Yes,6864327.949292955
289,4447,5,4.0,D,2016,Yes,10022224.192819482
290,3301,2,3.0,A,2017,No,7188941.679062782
291,1571,4,2.0,B,1980,No,3962988.0399134676
292,1766,2,3.0,D,2004,Yes,3880282.0394967515
293,3374,5,3.0,A,2015,Yes,8064048.042574055
294,2582,5,3.0,B,1996,Yes,6119275.08964119
295,1453,4,,C,2020,Yes,3660214.477399021
296,4746,2,4.0,B,2003,Yes,10183659.688752223
297,4336,5,4.0,D,1981,,9497703.002799958
298,4369,3,1.0,C,2019,No,9293597.585340107
299,1174,1,2.0,A,1994,No,2845656.0560798813
300,3861,1,3.0,C,2011,No,8138078.511208375
301,1748,1,1.0,A,2018,Yes,4092047.9146922957
302,2315,2,1.0,A,1985,Yes,5221655.854866687
303,4454,4,,B,1980,Yes,9508485.40088512
304,3091,5,4.0,B,2002,No,7036361.875115748
305,3260,3,3.0,B,2018,No,7407673.108578968
306,3724,3,3.0,D,1996,No,8174865.207199581
307,3651,2,2.0,D,2013,Yes,7889427.271032252
308,604,1,,B,2020,No,1962839.0931980403
309,1476,2,3.0,D,2008,Yes,3205734.4687664732
310,1591,4,1.0,C,1988,Yes,3765121.0716986596
311,4742,4,2.0,C,1992,Yes,10036736.577533072
312,4964,5,3.0,D,1985,Yes,11279254.45302757
313,1235,5,4.0,D,1985,Yes,3592643.9640791975
314,2293,4,3.0,C,1999,Yes,5448187.603268345
315,2282,4,1.0,A,1982,No,5404998.115769232
316,719,4,,C,1996,Yes,2613255.132751023
317,1430,2,,C,1991,Yes,3583126.338304814
318,4275,4,3.0,D,1980,,9424340.69702007
319,1969,3,4.0,C,1996,,4737491.935343588
320,1340,1,2.0,D,1982,No,2893726.9161032094
321,716,4,2.0,D,2005,No,1899562.164003863
322,3438,1,4.0,B,1994,No,7574489.453345802
323,1750,2,4.0,C,2015,Yes,4258212.852934244
324,2531,1,1.0,A,2011,Yes,5520305.793896561
325,1612,2,4.0,B,2011,No,3861867.7276544394
326,2264,3,1.0,D,1983,Yes,5354038.526126938
327,1681,2,3.0,D,1997,Yes,4176536.0825683344
328,1112,2,1.0,A,1998,No,3106078.771225633
329,3449,5,4.0,D,2022,No,7957803.259978422
330,1159,4,4.0,C,2014,Yes,3317390.8880509795
331,4272,4,3.0,B,2019,No,9406919.509851014
332,3943,3,4.0,D,1993,No,8377939.690547706
333,4670,3,4.0,D,2012,No,9821716.20164972
334,2070,4,2.0,A,1993,Yes,5127468.204378575
335,1180,5,2.0,C,2013,Yes,3099064.257903349
336,2894,4,3.0,D,1983,Yes,6626291.550773447
337,3747,5,1.0,A,2003,No,8543093.336619042
338,4849,3,2.0,D,2008,Yes,10230909.21339382
339,2279,1,1.0,A,1998,No,5376096.326918315
340,4106,3,4.0,A,1985,Yes,8943860.97581118
341,3344,3,2.0,C,2012,Yes,7610038.95129797
342,3956,2,3.0,D,2019,,8564951.236226473
343,4645,2,3.0,C,1998,Yes,10204819.04998923
344,1843,2,3.0,A,1980,No,4102760.4777280623
345,3718,2,2.0,B,1984,Yes,8515404.183390722
346,2741,5,1.0,D,2006,Yes,6228244.983243419
347,3659,4,4.0,B,1995,No,8353329.587859856
348,3559,1,1.0,D,1985,No,7646897.4977893
349,2865,3,1.0,C,2019,No,6167067.586500957
350,3079,5,4.0,C,1992,Yes,7367145.272589436
351,2235,1,4.0,C,2014,Yes,5003706.070955701
352,2357,5,2.0,C,1998,Yes,5889392.316091568
353,2670,5,2.0,C,1991,No,5969963.853754253
354,3449,3,2.0,B,1995,No,7545701.396499151
355,3851,4,2.0,C,2022,No,8507224.140202392
356,4330,2,2.0,A,1989,Yes,9494859.953944523
357,3089,4,4.0,A,2004,Yes,7639695.261685309
358,2231,3,1.0,B,1999,No,4939606.202077102
359,3416,3,2.0,D,2010,Yes,7729746.954854721
360,1615,3,2.0,A,1983,No,4290051.689726828
361,1948,1,1.0,D,2002,Yes,4303146.672172983
362,3687,4,2.0,B,1981,Yes,8075973.449975941
363,3439,4,1.0,D,2001,No,7103993.252112942
364,935,5,1.0,D,2016,Yes,3048655.1534822127
365,1495,5,4.0,D,1987,Yes,3925111.134015127
366,4146,5,3.0,D,1986,No,8893728.30015389
367,1451,3,4.0,B,1993,No,3426333.9831580473
368,2287,4,3.0,A,1982,Yes,5317357.161921992
369,2531,3,3.0,C,1995,No,5915941.058645433
370,4346,1,3.0,D,1998,Yes,9429573.705534948
371,3027,5,2.0,A,1997,No,7078424.374291107
372,2168,3,4.0,A,1995,Yes,5312467.565470673
373,4600,3,3.0,B,1987,Yes,9754895.882099733
374,3338,1,1.0,A,2012,No,6974011.81081959
375,4098,2,2.0,B,1991,Yes,8606676.117863744
376,4513,4,4.0,D,1990,Yes,10030564.201105254
377,1666,2,3.0,D,1984,No,3617337.504227659
378,4980,5,1.0,C,2006,,10549150.777789282
379,3044,3,4.0,C,1991,Yes,6893302.551400298
380,4707,1,4.0,C,1996,No,9632039.96938073
381,3973,1,2.0,A,1985,No,8425354.28616817
382,4569,4,4.0,D,2012,Yes,10050569.423792893
383,3146,2,2.0,B,1984,Yes,7146841.8291923385
384,1353,4,3.0,C,2007,No,3336026.8909932496
385,2682,3,2.0,B,1993,No,5740160.896337532
386,3374,4,,B,1984,No,7311188.070081743
387,3496,1,2.0,C,2012,Yes,7296381.741312797
388,4785,1,1.0,D,2020,Yes,9987830.918362625
389,1375,5,2.0,C,1998,Yes,3274013.027634679
390,2225,5,4.0,B,2001,Yes,5440930.919324543
391,3669,3,3.0,C,1984,Yes,7900325.666035556
392,1017,2,1.0,B,1981,Yes,2679551.415417214
393,714,4,2.0,B,2009,Yes,2133887.058074927
394,1216,3,2.0,C,2018,No,2720780.8482803004
395,4574,5,2.0,A,1983,No,9973635.98061309
396,3867,4,4.0,C,2012,Yes,8781977.228054902
397,1425,5,4.0,A,1992,,3939758.9613478547
398,2116,4,1.0,B,1999,Yes,4877735.444156178
399,3746,2,1.0,B,1986,No,7799687.579883147
400,1012,3,4.0,A,1994,Yes,2994589.6064884067
401,1328,4,1.0,B,2002,No,3152110.2501520906
402,3948,1,3.0,A,1993,No,8396303.405717893
403,3408,1,3.0,A,2002,No,7550089.314177475
404,1275,4,4.0,B,1998,No,3195735.384218871
405,4065,4,1.0,D,2008,No,8707266.596051946
406,3104,4,,A,1999,Yes,6748202.117440599
407,3567,1,3.0,C,2008,Yes,7775585.934001991
408,3386,1,4.0,C,2003,No,7142238.157840188
409,1722,4,1.0,B,1997,Yes,4411918.362606159
410,4679,5,4.0,D,1989,No,9950610.53807093
411,2171,5,2.0,B,2020,No,5320415.807360201
412,2743,2,3.0,D,1987,Yes,6334226.215705299
413,2287,3,4.0,A,2005,Yes,5337862.119715907
414,4732,5,4.0,A,2008,Yes,10467623.014201012
415,4451,1,4.0,A,1989,Yes,9451160.871124681
416,4040,5,2.0,A,1996,Yes,8974827.46231914
417,4366,2,4.0,C,1981,No,9457484.359837893
418,2926,2,2.0,C,1985,Yes,6308499.013222575
419,3514,3,2.0,B,1984,Yes,7521808.354958729
420,4552,5,2.0,D,2007,Yes,9564249.258683342
421,1195,1,3.0,A,2020,No,3330389.5013024793
422,1328,1,3.0,A,1984,Yes,3640099.12608293
423,1965,4,4.0,D,1997,No,4846047.407897691
424,1298,1,4.0,D,2005,Yes,3053923.261115003
425,995,3,3.0,B,1999,Yes,2967540.4230263294
426,4771,3,1.0,D,2020,No,10241741.383498613
427,4960,1,3.0,A,2006,,10561150.373717453
428,3102,1,2.0,A,1991,Yes,6794273.7087997785
429,2419,4,3.0,A,1986,No,5936353.645897899
430,1317,1,2.0,A,1982,Yes,2869907.7285887185
431,3382,4,4.0,A,1989,No,7901684.564624434
432,4177,4,1.0,B,2013,No,8988169.237728698
433,743,1,4.0,A,2004,No,1931484.33959779
434,3740,2,2.0,B,2014,No,7851938.705341132
435,3538,2,2.0,A,1995,No,7493055.573096182
436,4236,4,2.0,C,1981,Yes,8991985.85597976
437,3822,1,1.0,C,2003,Yes,8424277.794877803
438,1767,2,3.0,C,1989,Yes,4290240.5877002
439,3216,1,4.0,C,2017,No,7238896.550721713
440,1662,1,4.0,B,2001,No,4048473.6583233355
441,2756,1,3.0,B,2005,No,6064245.521694034
442,3582,5,4.0,D,2022,No,8132951.064673127
443,3894,1,1.0,A,2018,,8264497.472218027
444,1756,5,4.0,C,2006,Yes,4520843.524711966
445,1332,4,2.0,B,2008,No,3148379.325237422
446,4930,2,3.0,A,2017,No,10790365.230208052
447,1553,2,1.0,A,1999,Yes,3361353.342799391
448,3139,2,3.0,B,2006,No,6708277.88189416
449,3924,2,1.0,C,2020,No,8710406.826192122
450,3901,2,2.0,D,1999,No,8277234.576612965
451,2142,2,3.0,A,1998,Yes,5095542.089006039
452,1791,2,4.0,D,1999,Yes,4417467.709553545
453,3593,4,1.0,C,2014,No,7525932.501375721
454,3281,1,3.0,C,1981,Yes,6825241.326705995
455,1817,3,4.0,D,2009,No,4273021.130690231
456,2140,5,3.0,C,2013,No,5005327.808490462
457,3836,3,,A,2001,Yes,8539008.80699812
458,2986,3,3.0,D,1982,No,6663109.859060427
459,4319,1,1.0,C,1985,No,9205832.609574119
460,1988,1,4.0,D,1994,Yes,4736217.667957918
461,2456,1,2.0,A,2006,No,5225144.657662209
462,1965,2,1.0,C,1989,No,4253007.184410442
463,1099,4,1.0,A,1988,No,2764610.9657500773
464,2280,2,1.0,C,2012,Yes,4900687.82419753
465,1110,4,2.0,B,2011,No,2743164.9774644338
466,4912,4,4.0,C,1985,Yes,11086862.477544907
467,1924,3,,D,2020,No,4600128.44864653
468,1755,3,4.0,C,2015,No,4255153.95867905
469,2427,4,3.0,A,1981,No,5792851.51331886
470,3741,4,3.0,A,2008,No,8484749.220748315
471,4086,2,3.0,C,1983,Yes,9041765.130741285
472,2410,2,2.0,D,1980,Yes,5181267.677326647
473,3523,3,3.0,B,1998,No,7852544.443374564
474,2814,1,2.0,D,2005,No,5805765.204729835
475,4786,4,4.0,B,2004,No,10451968.411252255
476,1313,2,3.0,A,1989,No,3295348.513432411
477,4202,3,3.0,D,1994,No,9052896.799143812
478,4734,2,1.0,B,2001,No,9962064.221169438
479,4122,4,2.0,C,2000,No,9104366.196508983
480,4868,4,4.0,A,2001,No,10578602.321804846
481,1843,5,1.0,C,2015,Yes,4572334.854580694
482,4309,1,1.0,A,2013,Yes,9012219.03209592
483,1681,5,4.0,D,2009,Yes,4974150.513177176
484,1055,3,1.0,D,2004,,2405427.136447274
485,1494,2,2.0,A,2007,No,3461869.469131089
486,1984,3,2.0,A,1980,No,4804529.615402624
487,2558,4,3.0,A,1983,Yes,5976106.971299768
488,3672,5,1.0,D,1986,No,8162609.225540206
489,2596,5,3.0,B,1988,Yes,6228604.518745177
490,4885,5,1.0,C,2015,No,10439362.146689242
491,1104,3,2.0,C,1998,Yes,2753448.9301750446
492,1814,4,2.0,D,1980,Yes,4180232.6876726253
493,2131,2,2.0,C,1989,Yes,4761535.799497452
494,4040,2,1.0,A,2015,No,8595120.73633104
495,1423,3,2.0,B,1988,Yes,3405623.751315225
496,1528,5,1.0,C,2021,No,3796153.513962691
497,733,1,3.0,B,2011,No,1799176.9414663985
498,2705,3,1.0,A,2011,No,6203180.24331927
499,4227,3,3.0,C,1985,No,9293472.479891993
500,2452,4,1.0,D,2017,No,5367134.961958294
501,4775,2,3.0,B,1996,Yes,10119965.388976956
502,3533,3,2.0,A,1989,No,7779583.361401974
503,3884,3,3.0,B,2006,No,8763073.218606314
504,4898,5,2.0,C,2014,No,10921332.732850635
505,3411,5,2.0,C,2000,,7341451.455352747
506,1850,1,3.0,D,2004,No,4339260.9659303045
507,4112,4,1.0,A,2007,Yes,9045689.332412962
508,1856,1,1.0,A,1994,Yes,4211562.059907893
509,3976,5,4.0,D,1983,No,8928942.473130113
510,4086,2,1.0,D,2008,Yes,8561808.505916778
511,4184,5,4.0,A,1988,Yes,9723340.12642166
512,1996,4,1.0,B,2006,No,4958792.454353961
513,4237,5,1.0,B,2005,Yes,9646256.855507048
514,3930,4,2.0,D,1998,,8137217.042346944
515,3303,4,4.0,B,2007,Yes,7584068.5462543145
516,1070,4,1.0,A,1996,Yes,2564953.8830384486
517,1953,4,4.0,C,2022,Yes,4756943.987611332
518,3383,4,2.0,C,2020,No,7026500.225774068
519,3431,2,2.0,B,2021,Yes,7644053.3269278975
520,957,1,4.0,D,1999,Yes,2565861.927116035
521,3619,3,2.0,D,2019,No,7739479.778688647
522,1267,1,3.0,D,2018,No,2841770.3778899396
523,1745,4,3.0,D,2002,Yes,4386806.3248707345
524,4785,2,2.0,D,2011,No,9839715.58572578
525,4319,5,3.0,B,2012,Yes,9476107.577046534
526,3345,2,1.0,C,1984,Yes,6937516.7596130585
527,1139,4,4.0,C,2022,No,3141231.81385227
528,3379,2,1.0,B,2013,No,7137538.486093448
529,23680,2,4.0,D,2019,No,10043152.396307265
530,4375,4,2.0,B,1990,Yes,9684361.748003747
531,3108,2,1.0,C,1982,No,6792659.3209719
532,3379,3,2.0,A,2012,Yes,7872096.156979177
533,1524,3,2.0,B,1990,No,3690027.3955936586
534,3556,2,4.0,D,1995,Yes,7881517.820512554
535,2181,5,4.0,C,1997,No,5353769.271426183
536,3924,4,4.0,C,2009,Yes,8491162.860237218
537,855,3,1.0,C,1989,No,2134060.5888057826
538,2438,5,3.0,C,1997,Yes,5776980.355451867
539,2544,2,4.0,D,2017,No,5629837.434846078
540,609,5,4.0,A,1998,No,2265812.134276232
541,3471,1,1.0,C,2015,Yes,7348103.889357135
542,1397,3,4.0,B,1992,No,3390734.6472149882
543,1615,2,1.0,A,1982,Yes,3783794.8092305893
544,2424,4,2.0,C,1989,Yes,5498189.920582994
545,3736,2,4.0,A,2017,No,7742151.454616621
546,2793,4,4.0,B,1980,Yes,6276586.215937907
547,823,2,2.0,C,2006,No,2175782.8651626157
548,4758,5,2.0,B,1987,No,10558378.262830822
549,4525,5,2.0,D,2021,Yes,9456559.348464347
550,4600,5,4.0,C,1996,No,9977921.673249269
551,2233,1,3.0,C,1988,Yes,5108290.766798952
552,2752,4,3.0,C,1985,Yes,6529639.092750633
553,1110,5,3.0,C,2022,No,3059977.2876847964
554,984,1,4.0,D,2004,No,2349443.5283157863
555,1004,4,2.0,C,2018,Yes,3087942.149978039
556,2600,2,4.0,A,2007,Yes,6233218.541199714
557,3356,1,2.0,C,2012,No,7307723.679615203
558,2268,3,4.0,D,2016,No,5184387.199501851
559,2060,1,4.0,C,1988,No,4878738.847536735
560,4236,1,2.0,A,1997,No,8576986.253427258
561,3324,4,3.0,D,2000,Yes,7704246.018331802
562,4778,2,,D,1981,No,9954693.569311623
563,2648,3,1.0,A,2022,Yes,6085786.838249563
564,4746,5,1.0,A,2017,Yes,10256949.468384504
565,1316,5,2.0,A,2019,No,3207194.73037837
566,2423,1,4.0,A,2015,Yes,5657540.829558346
567,2681,4,1.0,A,2022,No,6236278.909918279
568,4019,4,1.0,D,2016,Yes,8880538.476963753
569,2174,5,4.0,D,1994,No,5364955.719164917
570,849,3,,C,2007,Yes,2645632.3390106913
571,1273,2,,C,1997,Yes,3035242.712761408
572,2765,3,4.0,B,2013,No,6519495.214504006
573,1370,2,2.0,C,2001,No,3034875.5305049345
574,4562,5,2.0,C,1990,Yes,10225412.847213026
575,4963,2,3.0,A,1992,Yes,10673203.626238765
576,2584,4,1.0,A,1983,No,5843858.156026904
577,1677,1,1.0,C,2001,Yes,3949185.3236610205
578,835,1,4.0,B,1986,No,2452293.725106828
579,4940,5,2.0,A,2022,Yes,3174127.735790028
580,3637,4,1.0,C,2003,No,7735908.4300888665
581,2448,3,3.0,C,1983,Yes,5794533.91008771
582,3414,4,3.0,D,2007,No,7409042.07800591
583,3974,1,2.0,B,1994,,8543580.280345531
584,3878,1,3.0,D,1980,Yes,7960967.360787547
585,1852,4,3.0,B,1982,No,4479263.987612327
586,4581,4,2.0,A,1993,Yes,9883821.772098865
587,2722,1,4.0,B,2017,No,6261987.1304896055
588,13750,3,4.0,C,1980,No,6443033.354817803
589,1929,5,3.0,C,2017,No,4811799.302758386
590,1958,5,4.0,B,2017,Yes,5093221.828787577
591,3082,4,4.0,B,2000,No,7214835.424496227
592,2617,5,3.0,B,2008,Yes,6504222.975989823
593,1931,1,4.0,D,1984,No,4347462.234932432
594,4944,1,3.0,B,1989,Yes,10396064.935010403
595,4861,4,1.0,A,2007,Yes,10685453.497288097
596,1958,4,2.0,D,2000,Yes,4294254.525781265
597,3777,4,2.0,D,1986,No,8357930.307911765
598,2728,3,4.0,B,1982,Yes,6187962.6101116575
599,2780,5,4.0,A,1999,No,6569954.426745511
600,737,4,4.0,D,1998,Yes,2563210.2646236625
601,4072,2,2.0,C,2014,Yes,8688898.096722063
602,3432,2,1.0,D,1983,Yes,7429481.775714961
603,4179,1,1.0,B,1984,Yes,9023781.750814883
604,3631,5,2.0,A,1980,No,8144006.618009501
605,4764,4,1.0,B,1983,Yes,10326289.631164942
606,3193,2,2.0,C,1991,Yes,6944112.825211256
607,4900,5,1.0,C,2006,No,10555119.599412745
608,4418,1,3.0,C,2021,Yes,9234719.044009993
609,4738,3,3.0,B,2002,Yes,10251252.382688385
610,4423,5,2.0,D,2004,Yes,9446358.878603496
611,4642,5,1.0,B,2000,Yes,9974246.55509452
612,2506,3,4.0,A,2003,No,5477410.195865568
613,1360,5,1.0,D,2004,No,3450785.6307009775
614,4045,1,3.0,C,2011,Yes,9030320.433075482
615,1499,1,3.0,B,2011,No,3458778.852971886
616,3547,3,1.0,C,1984,No,7775026.718114476
617,2319,4,1.0,C,2015,Yes,5613138.563203383
618,880,2,4.0,A,2021,No,2322172.553130346
619,3866,4,,D,2021,Yes,8487241.216461835
620,2487,5,1.0,A,2018,No,6028159.617670441
621,3866,2,1.0,A,1995,No,8223531.727401629
622,1266,3,1.0,A,2012,No,2917842.2267698813
623,4788,3,1.0,C,2000,Yes,10068628.082614278
624,1271,2,2.0,A,1988,No,3201932.0489624133
625,2569,1,1.0,A,1985,Yes,5469212.665179033
626,4756,2,4.0,D,2014,Yes,9695092.626913121
627,3722,5,3.0,D,2018,No,8245597.364558433
628,4500,1,2.0,A,2001,Yes,9553801.361228961
629,1123,3,1.0,D,2020,,2757845.2868288653
630,2993,2,3.0,D,1984,Yes,6835776.6746579055
631,3717,4,2.0,A,2021,Yes,8386704.559579809
632,3193,4,3.0,C,2002,No,7218587.470885142
633,2568,5,1.0,A,1996,No,6159107.394729884
634,2353,4,1.0,D,1991,No,5260068.803167152
635,2896,2,4.0,C,2002,No,6883304.149058021
636,2861,2,1.0,B,1995,Yes,6029258.3412042
637,2886,4,1.0,C,1982,Yes,6269170.457378431
638,4802,2,2.0,D,2009,Yes,10294791.681654163
639,3478,5,4.0,C,2001,No,8168862.706587728
640,4743,1,2.0,A,1988,Yes,10021841.000626275
641,4244,5,3.0,B,2008,No,9231875.76584212
642,2655,5,1.0,B,2016,Yes,6564197.917045071
643,1876,2,3.0,B,2002,No,4227526.221039138
644,3366,1,2.0,D,1992,Yes,7233810.890226596
645,902,2,1.0,D,2011,Yes,2558830.362269557
646,1238,3,1.0,B,2002,,2961678.9553157957
647,655,2,2.0,C,1996,Yes,1777574.432548657
648,1125,2,2.0,B,2019,No,2727262.4515940673
649,4723,2,2.0,C,2000,Yes,10226310.251314953
650,2725,1,2.0,C,1981,Yes,6124029.541040532
651,3887,2,2.0,D,2016,No,8262745.078352425
652,964,1,1.0,C,1985,No,2594616.4506139467
653,2246,4,2.0,B,1997,Yes,5342393.311854025
654,1518,3,1.0,D,2009,Yes,3882466.642833633
655,3397,1,1.0,A,2001,Yes,7229599.679149812
656,2131,4,2.0,A,2012,Yes,5652751.306741113
657,3945,1,2.0,D,2009,Yes,8672026.283115942
658,2506,1,4.0,B,1996,Yes,5688405.072894297
659,3686,3,1.0,A,2022,No,8322908.0417434005
660,2675,5,2.0,A,2011,No,6548796.098234404
661,1313,5,2.0,C,2021,No,3778608.21525853
662,1662,1,2.0,C,1993,Yes,3313602.732855939
663,2576,2,4.0,B,1989,Yes,6083870.289858167
664,1896,4,4.0,D,2015,Yes,4840459.753861148
665,725,2,3.0,B,2013,No,2200214.6561886906
666,4196,2,1.0,D,1988,No,8781669.286679579
667,3883,1,3.0,A,2021,Yes,8537562.255902905
668,2203,1,2.0,C,2007,Yes,5176628.0610596165
669,666,1,4.0,B,1990,No,2029894.6747386744
670,832,1,4.0,B,1993,No,2303381.2887464724
671,2756,5,3.0,D,2018,No,6605876.202967124
672,1769,1,4.0,D,1998,Yes,4227605.235682374
673,2758,5,2.0,B,1994,Yes,6556713.685470676
674,4806,5,4.0,D,2007,Yes,11009407.421762245
675,2093,1,3.0,B,2003,No,4635103.85749007
676,4607,3,2.0,B,1987,No,9534857.932319751
677,3072,4,3.0,B,2022,Yes,7132472.70219816
678,3260,2,4.0,A,1988,Yes,7398908.6689913925
679,3339,5,3.0,D,2012,No,7676305.805891438
680,2361,4,3.0,C,2012,Yes,5647463.182932392
681,4114,3,1.0,C,1998,No,8895023.848794512
682,12875,2,,D,1982,No,6224923.336054314
683,2962,2,4.0,B,1989,Yes,6872302.863775402
684,1476,5,3.0,C,2019,,4065463.0602102936
685,4412,1,1.0,C,2021,Yes,9260093.718455514
686,4048,3,4.0,D,1980,No,8488948.58209854
687,1912,5,,C,2008,No,4180377.682574051
688,2060,3,3.0,B,2013,Yes,4872263.883572856
689,3309,1,4.0,D,1992,No,6595925.668806976
690,2924,1,2.0,B,1980,Yes,6460709.805003854
691,2333,5,4.0,C,2013,Yes,5675436.603115029
692,2205,1,2.0,C,2008,No,4563325.026704951
693,3163,4,3.0,B,1992,Yes,7266174.823989725
694,4021,2,4.0,A,2008,Yes,8770273.56127164
695,4117,5,4.0,C,2018,Yes,9420155.250730153
696,2997,3,1.0,A,2003,Yes,6861525.265964501
697,4335,4,3.0,C,2005,Yes,9419633.167402312
698,3470,5,2.0,A,1996,Yes,7884543.763781935
699,1760,1,4.0,A,1986,No,4194979.150767644
700,842,1,4.0,A,1992,Yes,2146591.557291515
701,3190,1,2.0,B,1984,No,6840961.504575403
702,1663,1,3.0,A,2005,No,3629796.2703841208
703,4924,3,1.0,A,1982,Yes,10645143.395910574
704,3195,4,1.0,A,1986,No,6994967.26747436
705,1519,2,4.0,C,2018,No,3446691.4531911532
706,605,3,2.0,A,1980,Yes,1854005.280171835
707,1067,3,4.0,C,1996,Yes,2878465.0837613116
708,4770,2,2.0,A,2022,Yes,10497704.17667739
709,603,2,1.0,A,2004,No,1768660.9398571588
710,1245,1,3.0,B,1982,No,2792744.5084869736
711,717,3,2.0,C,1994,Yes,2451813.257440097
712,3528,5,1.0,A,2008,Yes,8117298.080302112
713,3151,2,4.0,C,2022,No,6938735.526284068
714,4889,2,2.0,C,2011,No,9989233.162860995
715,1446,4,3.0,D,2005,No,3547081.284103961
716,3362,5,4.0,B,1995,No,7679897.383068466
717,1741,5,4.0,B,2004,Yes,4673806.466290051
718,2410,2,1.0,B,2007,No,5425451.301931931
719,1323,1,2.0,D,1988,No,3133316.419082147
720,824,4,4.0,D,1980,No,2095706.5138322907
721,4808,5,3.0,B,2008,No,10603700.964232648
722,2648,2,2.0,D,2001,Yes,5816076.834950358
723,2173,5,3.0,D,1995,Yes,5801595.455233975
724,2428,4,4.0,D,2020,No,5718938.887819274
725,2517,4,3.0,B,2020,No,5779469.360307726
726,4834,3,1.0,B,1986,Yes,10332073.771343384
727,2626,2,3.0,B,1993,Yes,5966286.342397847
728,4344,4,2.0,D,2008,No,8956192.138569796
729,1501,3,3.0,B,1998,No,3809660.8926835675
730,2639,3,3.0,D,1998,Yes,5941888.381864283
731,609,5,1.0,A,1981,Yes,2094661.7569678964
732,860,5,3.0,D,2020,Yes,2515286.293221888
733,2273,3,3.0,C,1994,Yes,5095217.153957553
734,2819,5,4.0,B,1982,Yes,6887776.466815129
735,2660,4,4.0,B,1990,Yes,6531691.331288565
736,4313,1,,C,2009,No,9127619.721087446
737,2219,4,4.0,D,2019,Yes,5023840.479888073
738,920,3,4.0,A,1997,Yes,2890612.6718522646
739,1942,3,4.0,C,1981,Yes,4346812.689732662
740,2976,4,4.0,C,2011,Yes,6801764.873034347
741,3432,5,1.0,D,1987,No,7681111.689751448
742,3424,5,4.0,B,2001,No,7991519.696340898
743,2594,3,1.0,D,1985,Yes,5819393.472906694
744,3558,2,1.0,C,1991,No,7780580.530783957
745,2638,5,4.0,C,2019,No,6386003.029481585
746,4090,4,3.0,B,2015,No,8636196.154991824
747,4277,5,1.0,B,1994,No,9238093.830748728
748,1718,4,3.0,B,2007,No,4271678.308453788
749,2204,3,,D,1997,No,5000251.654646126
750,4627,5,4.0,B,1981,Yes,10202572.964979522
751,835,4,2.0,C,1992,Yes,2247968.773307281
752,2569,3,4.0,C,1994,Yes,6466148.993891864
753,2508,2,2.0,A,1999,Yes,5636251.034958844
754,4875,4,2.0,D,2008,Yes,3186320.4106748905
755,4130,2,4.0,A,2021,No,8833741.91904879
756,3235,2,4.0,C,2008,Yes,7377412.013751801
757,2170,1,2.0,A,1982,Yes,4949928.2832779735
758,3160,5,4.0,C,1998,No,7091610.094586988
759,3991,4,2.0,A,1982,No,8652488.578035863
760,3565,2,3.0,B,1993,Yes,7842973.986127806
761,4243,1,4.0,A,2019,No,9015176.676566774
762,4450,3,3.0,B,1983,No,9544771.881192915
763,1472,4,1.0,B,1990,No,3121019.514921877
764,1852,2,3.0,D,2010,No,4396303.198053747
765,1914,5,3.0,B,2022,Yes,5147430.334824558
766,3498,1,2.0,B,2011,No,7558872.741499732
767,677,2,3.0,A,2006,Yes,2598851.625587556
768,3221,5,4.0,C,2009,Yes,7656419.245519979
769,4827,2,2.0,D,2022,No,10376561.927755512
770,1200,4,1.0,B,1981,No,3279672.566502022
771,1665,4,4.0,D,1988,No,3565797.328682873
772,2736,4,1.0,A,2007,Yes,6390734.639749913
773,3049,1,3.0,B,2010,No,6371413.009936644
774,2943,4,4.0,A,2013,No,6635819.309685839
775,2463,5,4.0,D,1994,No,5622605.345639617
776,1918,2,1.0,A,2004,No,4301456.839996525
777,4197,3,4.0,D,2015,No,9264091.992147539
778,4362,5,4.0,A,1987,Yes,9944797.965001341
779,2790,5,4.0,D,1988,No,6463483.72343648
780,1592,4,3.0,C,2016,No,4140536.688241192
781,3312,1,1.0,A,2018,No,7236697.264318421
782,2792,2,4.0,A,2011,Yes,6554524.837846669
783,1848,1,2.0,C,1996,No,3743099.042785043
784,3654,2,2.0,C,2014,Yes,7788133.4421286555
785,4633,2,2.0,A,2016,Yes,10003265.56678853
786,2597,1,2.0,C,1998,No,5736690.576628217
787,4287,5,3.0,B,2008,No,9254284.068455203
788,2751,2,4.0,D,1986,No,6081730.962044944
789,4618,1,1.0,D,2007,Yes,9306875.10872211
790,3710,2,4.0,D,1988,Yes,8311183.597143856
791,2570,3,3.0,B,2007,Yes,6032469.455672945
792,797,5,2.0,C,1985,Yes,2194772.7928088116
793,3226,4,3.0,C,2008,Yes,7077454.292439141
794,1802,2,4.0,A,1996,Yes,4533486.374316852
795,13175,3,1.0,C,1995,No,6054959.782912633
796,1077,4,3.0,A,2002,No,2818642.8325101305
797,1854,4,1.0,B,2010,Yes,4655320.821723215
798,1522,2,3.0,D,1982,No,3429552.456394434
799,1019,1,1.0,D,2000,No,2472638.820538577
800,2804,2,1.0,D,2005,Yes,6224638.182073062
801,3197,3,2.0,C,2015,Yes,7155059.968296488
802,1720,4,1.0,A,2021,No,3835121.7387438836
803,3668,2,,A,2016,Yes,8204237.130024822
804,1550,1,4.0,B,2001,Yes,3912403.854199373
805,2936,2,4.0,C,2021,No,6656085.9506389005
806,2843,5,2.0,B,1991,Yes,6657134.812646195
807,3245,1,2.0,A,2021,No,6856242.622333579
808,2457,3,3.0,A,1992,No,5894592.554203822
809,2465,4,3.0,D,1990,No,5819627.944163327
810,3512,2,3.0,C,1995,No,7378915.444631067
811,3453,1,4.0,A,1987,No,7802859.00210355
812,3828,5,3.0,D,2019,Yes,8650333.886927078
813,4319,1,1.0,C,2019,Yes,9121827.390629034
814,3828,5,1.0,B,1981,Yes,8452728.932716263
815,2971,3,3.0,C,2009,Yes,6724401.3206829885
816,3491,4,1.0,C,2009,No,7894179.837661954
817,4356,3,4.0,A,1991,No,9760614.996919703
818,4825,2,1.0,A,1989,Yes,10450369.416727884
819,694,1,4.0,C,1990,No,1964912.8705090757
820,3274,5,2.0,A,1994,Yes,7713834.344706879
821,2555,5,2.0,A,1995,Yes,5933137.385191886
822,1393,1,2.0,A,1996,Yes,3494688.5956996134
823,2434,1,2.0,D,2005,,5197302.393606206
824,2716,2,1.0,D,1981,No,5352039.002518335
825,4706,3,3.0,C,1991,No,9756779.668235607
826,3925,5,1.0,A,2005,No,8547404.243982157
827,3519,2,4.0,D,2002,,7835030.796869742
828,3197,3,1.0,C,1997,No,6775584.042333206
829,3805,2,1.0,A,2011,No,8033776.6525230585
830,1414,5,4.0,B,2017,No,4024652.1843749685
831,945,1,2.0,A,1982,Yes,2342997.5761100627
832,2949,1,2.0,A,2017,,6798161.448406883
833,962,3,2.0,D,1982,No,2671024.747964027
834,3043,4,3.0,C,2009,No,6888376.2641142635
835,2865,3,4.0,C,1980,No,6600692.290331665
836,2788,4,4.0,D,2009,No,6527448.090871276
837,3605,2,1.0,A,2011,Yes,7802866.944808119
838,3881,2,3.0,B,2007,No,8578326.93259443
839,1584,5,2.0,A,2000,No,4269780.411078106
840,2239,4,3.0,A,1992,No,5151512.95384192
841,1427,5,4.0,B,2006,Yes,4006709.7276641484
842,3330,1,4.0,D,2015,Yes,7328500.764515233
843,4131,4,1.0,C,1986,No,9023923.893490141
844,3535,3,1.0,D,2001,No,7453228.329910133
845,4476,1,4.0,D,1989,No,9320447.933444714
846,726,1,2.0,A,2018,No,2021799.9320622308
847,3777,3,2.0,C,1994,No,8378271.844650715
848,3656,1,3.0,C,1994,Yes,7640124.576918013
849,1203,4,4.0,D,1983,Yes,3077038.7693325747
850,4049,5,4.0,B,2011,Yes,9125899.018405883
851,4746,1,2.0,D,2002,No,9777484.585583689
852,4133,4,2.0,B,1985,Yes,8732883.439512497
853,3967,2,4.0,C,2003,Yes,8999639.057383029
854,3968,4,1.0,D,1999,Yes,8577938.681730177
855,4397,5,4.0,A,2016,No,9829979.095164007
856,2392,4,4.0,D,1999,No,5916527.507607084
857,3461,3,2.0,C,1991,Yes,7747558.699024763
858,4076,5,2.0,A,2012,No,8968915.624533331
859,4017,2,1.0,A,2007,Yes,8700921.569061631
860,2245,3,1.0,B,1987,Yes,5125652.573524704
861,1805,4,3.0,A,1980,Yes,4839670.171385855
862,3630,5,4.0,A,2016,Yes,8418515.15966328
863,3472,2,2.0,D,2001,No,7107588.091628358
864,3672,3,1.0,C,1985,No,7458555.178638941
865,2454,2,3.0,B,2000,No,5833032.269481338
866,4621,4,3.0,D,2011,No,9836277.060447473
867,3308,2,2.0,A,2014,Yes,7478042.331126662
868,4102,1,2.0,A,1994,No,8706352.68614301
869,1932,3,3.0,B,1984,Yes,4578669.042424348
870,801,2,1.0,C,1985,No,1940030.5165993748
871,4107,4,3.0,B,2004,No,9368675.576305907
872,4812,4,4.0,D,2019,No,10182387.314271376
873,1174,2,4.0,B,2008,Yes,3096708.953848815
874,1136,4,2.0,A,1986,Yes,3325313.1521367403
875,11125,5,1.0,D,2019,Yes,5001370.9983107485
876,2722,5,1.0,A,1992,Yes,6611456.561555517
877,985,5,4.0,C,2017,No,3142449.943150725
878,3881,1,3.0,A,1997,Yes,8490359.137026468
879,1074,2,2.0,A,1981,Yes,2709368.6191451466
880,1017,1,3.0,B,1987,No,2255686.7689632084
881,4200,4,3.0,A,1990,No,9401409.178826815
882,1554,1,3.0,D,2012,Yes,4211728.9868967775
883,1805,4,1.0,D,2017,No,4243178.507183372
884,4720,4,4.0,C,2006,Yes,10046790.91785362
885,2590,3,1.0,D,1999,No,5739503.298025349
886,4172,5,4.0,B,1991,,9608052.59428024
887,4980,4,2.0,C,2022,,10620429.513620812
888,4758,3,2.0,D,2010,Yes,10056897.614782121
889,3313,5,,B,2006,Yes,7518524.354250741
890,2803,4,4.0,D,2011,Yes,6431727.226627262
891,3720,4,4.0,D,1989,No,8193567.377144391
892,1566,1,4.0,A,1982,Yes,3683819.7783012995
893,4032,1,3.0,D,2006,Yes,8358832.451729555
894,1288,5,3.0,D,2014,Yes,3568875.0771350036
895,4843,4,2.0,B,2010,Yes,10519467.59202726
896,4301,2,1.0,B,1994,Yes,9072751.645976637
897,941,1,4.0,A,1995,No,2548637.943344303
898,2324,5,4.0,D,1992,No,5237964.858888311
899,2392,4,1.0,A,2014,Yes,5684640.584599352
900,2359,4,4.0,D,1990,No,5424862.359942088
901,3812,2,3.0,C,2000,Yes,8351897.893622556
902,1589,5,3.0,C,1990,No,4117929.8210837934
903,2862,4,4.0,A,2009,No,6928230.255657235
904,3082,1,3.0,A,2014,Yes,6892590.883397782
905,1551,2,3.0,A,2001,No,3997343.766010865
906,1322,5,4.0,B,2017,No,3623617.371773982
907,3989,2,2.0,B,2010,Yes,8593164.497327115
908,2679,1,1.0,B,1993,Yes,5795814.365435265
909,3317,5,3.0,A,2003,No,7774824.980135642
910,2932,2,2.0,D,2011,No,6462191.815404583
911,3976,3,3.0,C,2015,No,8689014.375972359
912,2100,1,3.0,A,2011,Yes,4656452.931679096
913,885,1,1.0,B,1994,,2250611.8351532654
914,4095,1,3.0,B,2022,No,8591719.073043406
915,2665,3,1.0,A,2014,No,5794820.521240056
916,1368,3,1.0,A,1982,Yes,3192302.9820124633
917,3657,4,1.0,B,1995,Yes,8057366.257839593
918,4889,2,2.0,D,1984,Yes,10538344.859694138
919,2761,4,4.0,B,2000,Yes,6338927.891123957
920,3893,2,2.0,B,1989,No,8649715.190634817
921,1546,3,4.0,A,1998,Yes,4229962.044490715
922,3935,3,4.0,D,2004,No,8295079.587349875
923,4750,4,1.0,B,1983,No,10059444.963564336
924,2081,5,3.0,B,2008,No,4899949.946601839
925,2501,4,1.0,C,1998,No,5750991.091547144
926,4051,2,3.0,A,2022,Yes,8728367.330465918
927,4664,4,4.0,C,1981,Yes,9925776.104588764
928,654,1,1.0,C,1989,,1640854.8446525824
929,2423,2,3.0,B,2022,Yes,5853878.8147392515
930,4062,2,2.0,A,2004,Yes,8793496.755231488
931,3679,5,3.0,D,1999,No,8265688.772671336
932,1432,3,,B,1998,Yes,3617446.2195094083
933,3406,2,2.0,D,2002,Yes,7063544.881451785
934,3090,3,,D,2003,Yes,6736125.174569069
935,927,4,3.0,A,1990,Yes,2815292.8374395194
936,3910,1,3.0,C,2013,No,8214529.003268923
937,3900,5,3.0,A,2007,No,9134890.910078831
938,4275,3,3.0,D,1984,No,8902335.520983823
939,3654,2,2.0,B,1984,No,7644147.97935343
940,2743,3,4.0,D,2000,No,6254108.851895949
941,1911,2,2.0,B,1991,Yes,4328421.332443343
942,3791,3,2.0,B,1983,No,7619633.480209959
943,3138,2,2.0,A,2021,No,7304936.2458827635
944,4583,4,4.0,D,1999,No,9759138.922754703
945,764,2,1.0,C,2017,Yes,2194178.544536361
946,4877,2,4.0,D,2004,Yes,10221321.76575517
947,1422,1,2.0,D,1993,No,3007393.018583402
948,1543,2,3.0,C,1990,Yes,3421413.3994637523
949,1374,1,3.0,A,2011,Yes,3301761.319947384
950,2798,5,2.0,D,1990,No,6197143.63651029
951,3756,1,,D,1997,Yes,8009486.864531021
952,4842,4,2.0,B,2006,Yes,10471486.23152471
953,4295,1,3.0,D,1997,Yes,8825696.034607235
954,4052,5,4.0,C,2002,No,8963220.034331216
955,1514,4,1.0,B,1990,No,3967402.1333549614
956,1908,3,1.0,A,2000,No,4701678.109082363
957,4777,3,4.0,B,1984,Yes,10523137.405782938
958,1113,1,4.0,C,2002,No,2922619.8493480347
959,2520,1,2.0,C,2020,Yes,5992164.560227069
960,4194,5,2.0,B,2004,Yes,9460249.531917699
961,2009,5,2.0,A,2020,Yes,5186837.97210751
962,3790,2,3.0,B,1989,No,7875083.394777291
963,2155,5,2.0,A,2001,No,4989473.887752372
964,1404,2,4.0,B,1998,No,3507461.9365997594
965,1879,4,1.0,C,1980,No,4176511.5549851507
966,4177,1,3.0,D,1986,Yes,8656408.942595366
967,3501,4,2.0,D,1983,No,7441508.19035355
968,1987,5,3.0,A,1980,Yes,4729285.8715637745
969,3361,4,3.0,A,1994,No,7431723.10278359
970,3279,4,2.0,A,2019,No,7463887.1109621795
971,2706,4,3.0,C,1991,No,6533264.785296937
972,4823,5,1.0,B,2001,Yes,10677396.436542723
973,3368,4,4.0,C,2001,Yes,7825231.097007887
974,4553,2,4.0,D,1996,Yes,9483293.323120318
975,3786,5,1.0,A,2008,Yes,8531859.341004403
976,3880,4,3.0,B,1993,Yes,8662608.019340573
977,3173,5,2.0,D,1999,No,7152148.219390236
978,3199,3,3.0,D,2012,Yes,7079862.506104508
979,4633,2,1.0,D,2022,Yes,10112415.348202934
980,836,4,3.0,C,1994,Yes,2550555.1032595644
981,1904,3,4.0,A,1991,Yes,4780044.670987374
982,4030,3,3.0,D,2019,No,8335511.95503063
983,1901,5,1.0,A,1999,Yes,4698664.863611136
984,3141,3,4.0,C,2009,No,7289851.870006127
985,2651,2,3.0,D,2017,No,5977115.121628207
986,1041,2,3.0,C,1982,No,2194881.812051378
987,2676,1,4.0,C,2007,Yes,5936064.985370755
988,3780,2,2.0,A,2005,No,8516379.8934726
989,3257,3,4.0,D,2009,Yes,7311871.855943695
990,4398,2,2.0,C,1992,Yes,9444483.196542226
991,1404,5,1.0,D,1992,Yes,3885801.8574574604
992,674,1,1.0,A,1981,Yes,1799077.1716906189
993,2775,3,4.0,C,2016,Yes,6600205.971991581
994,4524,1,4.0,A,2017,No,9824279.175431672
995,2689,3,1.0,D,1981,,5935029.772702078
996,640,5,2.0,D,2015,Yes,2235843.131366694
997,2681,1,1.0,A,2005,No,5682474.024297043
998,2222,4,4.0,B,1990,Yes,5344440.489715466
999,941,3,1.0,C,1987,No,2205084.763926335
1000,4652,4,4.0,D,2019,No,9824058.176225942
522,1267,1,3.0,D,2018,No,2841770.3778899396
738,920,3,4.0,A,1997,Yes,2890612.6718522646
741,3432,5,1.0,D,1987,No,7681111.689751448
661,1313,5,2.0,C,2021,No,3778608.21525853
412,2743,2,3.0,D,1987,Yes,6334226.215705299
